question,answer
How can I deal with the pressure of maintaining high grades results GPA?,"Maintaining a high GPA requires balancing your academic workload with self-care practices. Prioritize tasks, set realistic goals, and create a manageable study schedule. Remember, it's also important to allow yourself breaks to recharge. Seek academic advising for personalized study strategies and consider joining study groups for support."
"I'm feeling overwhelmed, burnout by my coursework.","Feeling overwhelmed is a sign you need to take a step back and reassess. Break down your coursework into smaller, more manageable tasks. Consider using time management techniques like the Pomodoro Technique. Don't hesitate to reach out to your professors or academic advisor to discuss your concerns and explore possible adjustments."
How can I manage my time more effectively?,"Effective time management involves planning your weeks in advance, setting clear priorities, and allocating specific time blocks for tasks. Use tools like digital calendars or planners to keep track. Also, learn to say no to commitments that don't align with your academic goals or well-being."
Support on mental health,"Universities typically offer a range of mental health resources, including counseling services, support groups, and workshops on stress management and resilience building. Many services are now available remotely. Additionally, there are online platforms and apps that offer mental health support tailored to student needs."
How can I improve my concentration while studying?,"Enhancing concentration starts with minimizing distractions. Create a dedicated study space, use apps to block distracting websites, and break study sessions into focused intervals. Incorporating mindfulness exercises and regular breaks can also improve your ability to concentrate over longer periods."
What strategies can help me cope with academic failure?,"Coping with academic failure involves reflecting on what went wrong and learning from the experience. Seek feedback, consider tutoring or study groups, and adjust your study habits. Remember, failure is a part of the learning process, and resilience is key to overcoming setbacks."
How can I handle social stress and anxiety,Handling social anxiety involves practicing relaxation techniques and gradually exposing yourself to social situations. Join clubs or groups with shared interests to build confidence. Consider seeking support from a counselor to develop strategies tailored to your needs.
What can I do to prevent procrastination?,"Preventing procrastination requires understanding why you procrastinate and addressing those reasons. Set clear, achievable goals, break tasks into smaller steps, and reward yourself for completing them. Establish a routine and seek accountability from peers or mentors."
How can I maintain a work and life balance,"Maintaining a healthy work-life balance involves setting clear boundaries between study time and personal time. Schedule regular breaks and leisure activities, stay connected with friends and family, and prioritize self-care activities. Remember, it's important to listen to your body and mind's needs."
How can I deal with homesickness at university?,"Dealing with homesickness involves creating a support network at university, staying in regular contact with family and friends back home, and making your living space feel more personal. Engaging in campus activities and exploring your new surroundings can also help you feel more connected."
What are some effective stress-relief techniques?,"Effective stress-relief techniques include deep breathing exercises, mindfulness meditation, physical activity, and engaging in hobbies or activities that you enjoy. Experiment with different methods to find what works best for you."
How can I improve my sleep quality as a student?,"Improving sleep quality involves establishing a regular sleep schedule, creating a restful environment free of distractions, avoiding caffeine and screens before bedtime, and incorporating relaxation techniques into your nighttime routine."
How can I build resilience during challenging times at school,"Building resilience involves maintaining a positive outlook, setting realistic goals, cultivating strong relationships, and actively seeking solutions to problems. Embrace challenges as opportunities for growth, and don't hesitate to seek support when needed."
What can I do to feel more motivated,"Boosting motivation involves setting clear, achievable goals, finding intrinsic value in your studies, rewarding yourself for accomplishments, and visualizing your success. Stay connected with your whyâ€”your reasons for pursuing your degree."
How can I develop healthier eating habits,"Developing healthier eating habits involves planning meals in advance, keeping healthy snacks on hand, staying hydrated, and avoiding excessive caffeine and sugar. Try to incorporate a variety of foods to get the nutrients your brain needs to function best."
"What can I do if I'm feeling alone, lonely?","Combating loneliness involves reaching out and making connections through clubs, organizations, or social events tailored to your interests. Don't hesitate to seek support from counseling services, which can offer strategies to build social skills and connect with others."
How can I better manage my finances?,"Managing finances involves creating a budget, tracking your spending, exploring scholarships, grants, and part-time work opportunities, and learning to differentiate between wants and needs. Financial advising services at your university can provide personalized advice."
How can I prepare for a successful career after graduation?,"Preparing for a successful career starts with exploring your interests and values, gaining relevant experience through internships or volunteer work, networking with professionals in your field, and utilizing your university's career services for guidance and support."
How can I maintain my physical health amidst pressures?,"Maintaining physical health involves regular physical activity, balanced nutrition, adequate sleep, and managing stress through healthy outlets. Consider incorporating short, daily exercises into your routine and taking advantage of campus recreational facilities."
What is mental health?,"Mental health is a state of well-being in which the individual realizes his or her own abilities, can cope with the normal stresses of life, can work productively and fruitfully, and is able to make a contribution to his or her community."
What is depression?,"Depression is a mental health disorder characterized by persistently depressed mood or loss of interest in activities, causing significant impairment in daily life, is indicative of depression. It's crucial for anyone experiencing these symptoms to see a professional to talk about their feelings and receive the support they need. Universities often have counseling centers where students can find help in a confidential and supportive environment."
Thanks,Happy to help!
nothing enough no more,Oh I see. Do you want to talk about something?
Idiot stupid fuck ignorant retarded sex drugs alcohol,"I'm sorry, unfortunatley I can't answer your question, please try something else."
